name,organization,homepage,logo,twitter,crunchbase_url,funding,member,relation,tag,license,headquarters,description,crunchbase_description,crunchbase_homepage,crunchbase_city,crunchbase_region,crunchbase_country,crunchbase_twitter,crunchbase_linkedin,crunchbase_ticker,crunchbase_kind,crunchbase_min_employees,crunchbase_max_employees,category,subcategory,oss,github_repo,github_stars,github_description,github_latest_commit_date,github_latest_commit_link,github_latest_release_date,github_latest_release_link,github_start_commit_date,github_start_commit_link,github_contributors_count,github_contributors_link,accepted,incubation,graduated,dev_stats_url,artwork_url,blog_url,mailing_list_url,slack_url,youtube_url,chat_channel,last_audit_date,last_audit_url
aDoctor,,https://github.com/sesalab/aDoctor,logos/0e7e815c89299b72d90e9c6443e12a0d8c63a6d60c1b13bc5e0ea4c59f10853c.svg,,,,,archived,,MIT License,,A tool for detecting energy code smells in Android applications.,,,,,,,,,,,,Code,Static Code Analysis,true,https://github.com/sesalab/aDoctor,10,Android-specific Energy Smell Identification and Refactoring plugin for IntelliJ IDEA-based IDEs,2020-02-28,https://github.com/sesalab/aDoctor/commit/419d4544a9b52a4fd5af0edab8bd28f97bef9b72,2020-02-29,https://github.com/sesalab/aDoctor/releases/tag/0.4.2,2019-01-23,https://github.com/sesalab/aDoctor/commit/2d6bb6940e60ca10239b44f9ba64fd911ad19e62,1,https://github.com/sesalab/aDoctor/graphs/contributors,,,,,,,,,,,,
aether,,https://aether.green/,logos/bcb0dc75f751e4446037e6118facda266d2bfb29ee6656be0960d410c65e00fc.svg,,,,,archived,,Apache License 2.0,,A open telemetry exporter to calculate the carbon emissions generated by your cloud infrastructure.,,,,,,,,,,,,Infrastructure & Cluster Level,Kubernetes,true,https://github.com/re-cinq/aether,50,A open telemetry exporter to calculate the carbon emissions generated by your cloud infrastructure,2024-05-29,https://github.com/re-cinq/aether/commit/daa66c2571f4f23485bee3a4b71295baaf88e940,2024-05-29,https://github.com/re-cinq/aether/releases/tag/v0.0.1-alpha.12,2023-11-09,https://github.com/re-cinq/aether/commit/a998dea692d34cc1c4bc2737712625b3ffe94fcc,3,https://github.com/re-cinq/aether/graphs/contributors,,,,,,,,,,,,
Aguaro,,https://www.aguaro.io/en/sustainableit,logos/de3b2665c50d49957739beb791584817dfc738343c84e7208e69dafd1bc059a7.svg,,,,,,,,,Aguaro offers SaaS solutions integrated with ServiceNow to help companies automate the management of their environmental impact and reduce their carbon footprint. It streamlines hardware inventory retrieval and presents the data through intuitive dashboards.,,,,,,,,,,,,Data Aggregation,Organizational Level,,,,,,,,,,,,,,,,,,,,,,,,
AI Power Meter,,https://github.com/GreenAI-Uppa/AIPowerMeter,logos/f9004d078933eebcc2857f1e943a8aa00c6014fef7ce9ee719b06018677b5219.svg,,,,,,,,,The library enables to monitor energy usage of machine learning programs. It uses RAPL for the CPU and nvidia-smi for the GPU.,,,,,,,,,,,,Artificial Intelligence,AI Model Training,,https://github.com/GreenAI-Uppa/AIPowerMeter,22,,2024-11-28,https://github.com/GreenAI-Uppa/AIPowerMeter/commit/e8d56348535f38b17ad11268628b34fefa0103e2,,,2021-06-15,https://github.com/GreenAI-Uppa/AIPowerMeter/commit/905961bfac3c777c967a3037ff1b5a568f95006f,14,https://github.com/GreenAI-Uppa/AIPowerMeter/graphs/contributors,,,,,,,,,,,,
Android Power Profiler,,https://developer.android.com/studio/profile/energy-profiler,logos/da62f2f36a662f332aea22827c4f0dea2d4ce23cfc28525bdf39ecb40a9b24fe.svg,,,,,,,,,A tool for profiling the power consumption of Android applications.,,,,,,,,,,,,Component,Mobile App,,,,,,,,,,,,,,,,,,,,,,,,
Android Runner,,https://github.com/S2-group/android-runner/,logos/09d1a09fc86a573937706fea1e05f1271fd08a9be79db07fd4e9b8efb5269608.svg,,,,,,,,,Android Runner (AR) is a tool for automatically executing measurement-based experiments on native and web apps running on Android devices.,,,,,,,,,,,,Component,Mobile App,,https://github.com/S2-group/android-runner,36,Python framework for automatically executing measurement-based experiments on native and web apps running on Android devices,2024-07-16,https://github.com/S2-group/android-runner/commit/ed51e3915a03cd4bf89a70669117d227c1256b1c,2021-06-04,https://github.com/S2-group/android-runner/releases/tag/v1.0,2017-06-02,https://github.com/S2-group/android-runner/commit/0e83ea8f6be55091af63a1f140892366adf3857c,28,https://github.com/S2-group/android-runner/graphs/contributors,,,,,,,,,,,,
Antarctica,,https://antarctica.io/solution,logos/51bb8dfeb09a325bdf42adc545995a8620025abde08f4362f6bc52d9654b9fc0.svg,,,,,,,,,"Antarctica is a real time observability platform for monitoring the carbon emissions of your on-premise and cloud infrastructure, IT hardware assets and websites. It can also provide optimization recommendations.",,,,,,,,,,,,Data Aggregation,Organizational Level,,,,,,,,,,,,,,,,,,,,,,,,
AWS Customer Carbon Footprint Tool,,https://cloud.google.com/carbon-footprint,logos/3a8df93f52b98775f345e1dbbf8ce077eb97dc9589be07c1ba66f51ddbf3e96d.svg,,,,,,,,,The AWS Customer Carbon Footprint Tool provides estimates of the carbon emissions associated with AWS products and services. Data is updated with a delay of three months.,,,,,,,,,,,,Infrastructure & Cluster Level,Infrastructure Provider Level,,,,,,,,,,,,,,,,,,,,,,,,
Azure Cloud for Sustainability API,,https://learn.microsoft.com/en-us/industry/sustainability/api-overview,logos/aed8baee4979a0377de7a1f53e70891ff29514f0ffdca3d6c08e24c8668aa181.svg,,,,,,,,,Microsoft Cloud for Sustainability provides APIs to access emissions data related to your Azure and Microsoft 365 usage.,,,,,,,,,,,,Infrastructure & Cluster Level,Infrastructure Provider Level,,,,,,,,,,,,,,,,,,,,,,,,
Azure Emission Impact Dashboard,,https://appsource.microsoft.com/en-us/product/power-bi/coi-sustainability.emissions_impact_dashboard,logos/f0dc0e655862620c07d1196331891476c3b7487fb08e31a2db464008224d85da.png,,,,,,,,,Power BI App that provides emissions for azure cloud resource usage.,,,,,,,,,,,,Infrastructure & Cluster Level,Infrastructure Provider Level,,,,,,,,,,,,,,,,,,,,,,,,
Boavizta Cloud-Scanner for AWS,,https://github.com/Boavizta/cloud-scanner,logos/c064879058af957ad09021c0a75c32944d7e7b1f3401c3fc879256f9db699d5a.svg,,,,,,,GNU Affero General Public License v3.0,,Boavizta Cloud-Scanner calculates environmental impacts of your cloud compute and storage instances. It combines real time inventory and usage data from your cloud account with Boavizta API to offer a view of your impacts on a given region.,,,,,,,,,,,,Infrastructure & Cluster Level,Infrastructure Provider Level,true,https://github.com/Boavizta/cloud-scanner,40,📡 Get Boavizta impact data for your AWS usage.,2025-04-06,https://github.com/Boavizta/cloud-scanner/commit/bba383e9a2de1eeedaf98050ad5107dcb3895db2,2025-01-23,https://github.com/Boavizta/cloud-scanner/releases/tag/v3.2.1,2022-04-15,https://github.com/Boavizta/cloud-scanner/commit/e7518daa1d67f33aacc49788bf4303424b3180b3,12,https://github.com/Boavizta/cloud-scanner/graphs/contributors,,,,,,,,,,,,
BoaviztAPI,,https://github.com/Boavizta/boaviztapi,logos/d70d18b1457c587e7c3af36efb684a2293fd24b8ee17976a3afcdea465ec1ed3.svg,,,,,approved+tested,,GNU Affero General Public License v3.0,,"An open source API that provides environmental impact data for IT equipment, including carbon footprint, energy consumption, and resource depletion.",,,,,,,,,,,,Databases,IT Emission Inventory,true,https://github.com/Boavizta/boaviztapi,83,🛠 Giving access to BOAVIZTA reference data and methodologies trough a RESTful API,2025-04-30,https://github.com/Boavizta/boaviztapi/commit/0e635b55994d3d207019bf24a0f810dc24f23c90,2025-03-28,https://github.com/Boavizta/boaviztapi/releases/tag/v1.3.10,2021-11-09,https://github.com/Boavizta/boaviztapi/commit/e1b297391248b67ed42f219eb46a39599a9b1268,33,https://github.com/Boavizta/boaviztapi/graphs/contributors,,,,,,,,,,,,
Camunda Carbon Reductor,,https://github.com/envite-consulting/camunda-carbon-reductor,logos/fc7c1ab9a440cc839b1369a3e2c17f41558309f539ac1437b2190b408ea9655d.svg,,,,,approved+tested,,MIT License,,A tool for optimizing business processes to reduce carbon emissions. It supports Camunda 7 and Camunda 8.,,,,,,,,,,,,Optimization,Carbon Awareness,true,https://github.com/envite-consulting/camunda-carbon-reductor,26,The Camunda Carbon Reductor allows you to time shift your processes' carbon emissions when energy is clean while still fulfilling the requested SLAs.,2025-04-11,https://github.com/envite-consulting/camunda-carbon-reductor/commit/96998bd7b2caa12b03627b8384af6bdc43992cfa,2025-06-11,https://github.com/envite-consulting/camunda-carbon-reductor/releases/tag/v2.1.6,2022-10-20,https://github.com/envite-consulting/camunda-carbon-reductor/commit/27aeb08be9c997cef74d04273e87fcf6a24370ed,9,https://github.com/envite-consulting/camunda-carbon-reductor/graphs/contributors,,,,,,,,,,,,
Carbon Aware KEDA Operator,,https://github.com/Azure/carbon-aware-keda-operator,logos/cdc0d15eef85dd196fbdadc5aa57aac16bce77d4f30f8909229a4e44c1f5b779.svg,,,,,archived,,MIT License,,A Kubernetes operator that scales workloads based on carbon intensity data.,,,,,,,,,,,,Optimization,Kubernetes,true,https://github.com/Azure/carbon-aware-keda-operator,80,,2023-11-12,https://github.com/Azure/carbon-aware-keda-operator/commit/275783dc278fe921365e86fd976c366eaa85d38e,2023-04-12,https://github.com/Azure/carbon-aware-keda-operator/releases/tag/v0.2.0,2023-03-17,https://github.com/Azure/carbon-aware-keda-operator/commit/1013802d55fb82d21d9fc334153a7bb2e4f15a88,7,https://github.com/Azure/carbon-aware-keda-operator/graphs/contributors,,,,,,,,,,,,
Carbon Aware SDK,,https://carbon-aware-sdk.greensoftware.foundation/,logos/0e042e1240938903c73ccdce020b5c015ed168119d1bb70872fc94e4af23428c.png,,,,,approved+tested,,MIT License,,A software development kit for building carbon-aware applications that can shift workloads to times and regions with cleaner electricity.,,,,,,,,,,,,Optimization,Carbon Awareness,true,https://github.com/Green-Software-Foundation/carbon-aware-sdk,540,Carbon-Aware SDK,2025-05-27,https://github.com/Green-Software-Foundation/carbon-aware-sdk/commit/ad730f37e7bb3aad493ba55ceae974583ef6b671,2025-05-13,https://github.com/Green-Software-Foundation/carbon-aware-sdk/releases/tag/v1.8.0,2021-09-22,https://github.com/Green-Software-Foundation/carbon-aware-sdk/commit/c27a73ca900c6302dcb3379fd38e1d9869f9bc2e,53,https://github.com/Green-Software-Foundation/carbon-aware-sdk/graphs/contributors,,,,,,,,,,,,
Carbon-Aware-Computing.com,,https://carbon-aware-computing.com/,logos/765be7a14d90a22118a47841b2a79da7088d0a4c6cb6cfc98db9efe710189d7a.svg,,,,,approved+tested,,MIT License,,"An API service and tool suite for carbon-aware computing with focus on Europe.
The API service provides real-time and forecast carbon intensity data for European countries, using data from Energy-Charts and UK National Grid ESO.
The data is also provided as JSON formatted files that are consumable by the Carbon Aware SDK.
",,,,,,,,,,,,Optimization,Carbon Awareness,true,https://github.com/bluehands/Carbon-Aware-Computing,32,Execute tasks on a point in time with minimal grid carbon intensity,2025-03-19,https://github.com/bluehands/Carbon-Aware-Computing/commit/70418b60cebe9a7ae3f3a366ac8788139ad2045d,,,2023-04-04,https://github.com/bluehands/Carbon-Aware-Computing/commit/187ceb80834221059052a0481cfba49c64e72eda,4,https://github.com/bluehands/Carbon-Aware-Computing/graphs/contributors,,,,,,,,,,,,
Carbon-Intensity UK,,https://carbonintensity.org.uk/,logos/88dfb1399c4819544a19441da73c461079b1ff7c02d8ac74038f7411a3db3503.svg,,,,,,,,,An API service from UK National Grid ESO that provides carbon intensity data for the UK electricity grid.,,,,,,,,,,,,Databases,Grid Carbon Intensity API Service,,,,,,,,,,,,,,,,,,,,,,,,
CarbonDB,,https://www.green-coding.io/products/carbondb/,logos/193487247982e9b4c7e1eb46a1ea709a6d274c73dfea79dae5244d6ef1b7591b.png,,,,,approved+tested,,,,"CarbonDB collects and consolidates energy usage data from multiple sources within a company, providing a unified view of energy consumption. It accurately converts energy usage into carbon emissions, enabling precise tracking of a company's carbon footprint.",,,,,,,,,,,,Data Aggregation,Organizational Level,,,,,,,,,,,,,,,,,,,,,,,,
Carbontracker,,https://carbontracker.info/,logos/502c615efd4822273c0759ac5bbde4b859fe44799d4469c264253e4a487432c4.svg,,,,,,,MIT License,,A tool for tracking and predicting the energy consumption and carbon footprint of training deep learning models.,,,,,,,,,,,,Artificial Intelligence,AI Model Training,true,https://github.com/lfwa/carbontracker,444,Track and predict the energy consumption and carbon footprint of training deep learning models.,2025-06-13,https://github.com/lfwa/carbontracker/commit/8beb2b9dc124f910deeef9aaae39c45a9b017ca5,2025-02-06,https://github.com/lfwa/carbontracker/releases/tag/v2.1.0,2020-04-21,https://github.com/lfwa/carbontracker/commit/c3e23fdbf454722fcb6e03f1adc76c61fb9c1690,7,https://github.com/lfwa/carbontracker/graphs/contributors,,,,,,,,,,,,
Cardamon,,https://cardamon.io/,logos/61715715469b55420c9da9b09e34a84366ed43d142f2fd1fbd2318dabfc954b5.svg,,,,,,,Other,,Cardamon is a tool to help development teams measure the power consumption and carbon emissions of their software. The tool is built around the concept of observations and scenarios.,,,,,,,,,,,,Component,Containerized Application,true,https://github.com/Root-Branch/cardamon-core,29,🌱 A tool for measuring the power consumption and carbon footprint of your software.,2025-04-28,https://github.com/Root-Branch/cardamon-core/commit/2d822c91d319621fcabcb8bbe1ea57516f393aef,2024-11-11,https://github.com/Root-Branch/cardamon-core/releases/tag/v0.2.0,2023-12-20,https://github.com/Root-Branch/cardamon-core/commit/ab2d936fbeeddee2a94e67c8dddd48a71240688e,4,https://github.com/Root-Branch/cardamon/graphs/contributors,,,,,,,,,,,,
CAST,,https://www.castsoftware.com/highlight,logos/8aa3f804a24ccd7aaeddf5d9a2f0b09fb5c2d0a739143bb53433e6f706c11726.jpg,,,,,,,,,A proprietary software intelligence platform that includes analysis of energy efficiency and carbon footprint.,,,,,,,,,,,,Code,Static Code Analysis,,,,,,,,,,,,,,,,,,,,,,,,
CLEVER,,https://github.com/sustainable-computing-io/clever,logos/ccc8efc6b7b5879546f7a5febd100108b06e1ab0d16843fc60e297d90c550719.svg,,,,,archived,,Apache License 2.0,,Container Level Energy-efficient VPA Recommender for Kubernetes,,,,,,,,,,,,Optimization,Kubernetes,true,https://github.com/sustainable-computing-io/clever,25,Container Level Energy-efficient VPA Recommender,2022-10-24,https://github.com/sustainable-computing-io/clever/commit/fc20b3e8947978ec13c744daa4f936d16af4d3fa,,,2022-05-18,https://github.com/sustainable-computing-io/clever/commit/018388f83326653efd82cde86b09f82a114c7389,4,https://github.com/sustainable-computing-io/clever/graphs/contributors,,,,,,,,,,,,
Climatiq,,https://www.climatiq.io/,logos/112d6f6c7b42dee188d97eb93808f3acc4f4c05291fd7ff995024b3131c1d01b.png,,,,,,,,,"A proprietary API that provides carbon emissions data for various activities, including cloud computing, to help organizations measure and reduce their carbon footprint.",,,,,,,,,,,,Databases,IT Emission Inventory,,,,,,,,,,,,,,,,,,,,,,,,
Cloud Assess,,https://cloudassess.org/,logos/3f86468aa4e24ab3118c9992b8db948090fb99d8e00daf18a970323dfb49cf76.svg,,,,,,,,,Cloud Assess is an open-source tool to automate the assessment of the environmental impacts of cloud services.,,,,,,,,,,,,Infrastructure & Cluster Level,Infrastructure Provider Level,,https://github.com/kleis-technology/cloud-assess,19,A nice piece of backend to report the enviromental footprint of your Cloud services to your clients.,2025-06-12,https://github.com/kleis-technology/cloud-assess/commit/aef5e812dee38a1397a58281ec6aa0a48156db4a,2025-06-12,https://github.com/kleis-technology/cloud-assess/releases/tag/v1.8.3,2023-09-19,https://github.com/kleis-technology/cloud-assess/commit/90e9160f3fcca6d9719c7e76f57bd20e77486e84,3,https://github.com/kleis-technology/cloud-assess/graphs/contributors,,,,,,,,,,,,
Cloud Carbon Footprint,,https://www.cloudcarbonfootprint.org/,logos/ac9f2f93f96f140c2c9fffdcd61977d12da413bf56b91ffb3b26d5aed768cbdc.png,,,,,approved+tested,,Apache License 2.0,,"An open source tool that provides visibility and tooling to measure, monitor, and reduce your cloud carbon emissions.",,,,,,,,,,,,Infrastructure & Cluster Level,Infrastructure Provider Level,true,https://github.com/cloud-carbon-footprint/cloud-carbon-footprint,959,Cloud Carbon Footprint is a tool to estimate energy use (kilowatt-hours) and carbon emissions (metric tons CO2e) from public cloud usage,2024-07-05,https://github.com/cloud-carbon-footprint/cloud-carbon-footprint/commit/9f2cf436e5ad020830977e52c3b0a1719d20a8b9,2024-05-11,https://github.com/cloud-carbon-footprint/cloud-carbon-footprint/releases/tag/latest,2020-07-08,https://github.com/cloud-carbon-footprint/cloud-carbon-footprint/commit/bced1fc56ffa1b1bb0268b378ee528df9a363dda,128,https://github.com/cloud-carbon-footprint/cloud-carbon-footprint/graphs/contributors,,,,,,,,,,,,
Cloud Energy,,https://www.green-coding.io/products/cloud-energy/,logos/77df86e8649bf9442b28b5bef9e26a2b2d3937a97476035f9005e84f9d2dc9d0.png,,,,,approved+tested,,GNU Affero General Public License v3.0,,Cloud Energy is an XGBoost & linear model based on the energy data from the SPECPower database for the cloud to estimate wattage consumption of server by just a few input variables.,,,,,,,,,,,,Measurement Toolbox,Shell Tools,true,https://github.com/green-coding-solutions/cloud-energy,27,Cloud Energy is an XGBoost & linear model based on the energy data from the SPECPower database for the cloud to estimate wattage consumption of server by just a few input variables,2025-06-13,https://github.com/green-coding-solutions/cloud-energy/commit/6de783371d837fffdf8f89e30f411a3fa1feaaa7,,,2022-09-02,https://github.com/green-coding-solutions/cloud-energy/commit/b3ec30a183c6875fee68b43eeee98adef350b144,5,https://github.com/green-coding-solutions/cloud-energy/graphs/contributors,,,,,,,,,,,,
CO2.js,,https://github.com/thegreenwebfoundation/co2.js,logos/d644e31752bed8bd95ea636dc300702fdf05b3e271c931d9459d914cb5bfcf31.svg,,,,,approved+tested,,Apache-2.0,,A JavaScript library for estimating the carbon emissions of websites and web applications.,,,,,,,,,,,,Website,Website Carbon Estimation,true,https://github.com/thegreenwebfoundation/co2.js,456,"An npm module for accessing the green web API, and estimating the carbon emissions from using digital services",2025-06-03,https://github.com/thegreenwebfoundation/co2.js/commit/2bf7b54d030249a8edf01604567079fbc1642c39,2025-05-12,https://github.com/thegreenwebfoundation/co2.js/releases/tag/v0.16.8,2020-02-23,https://github.com/thegreenwebfoundation/co2.js/commit/ca37ff8e06d28791aa17cb1be2139482b76993ba,28,https://github.com/thegreenwebfoundation/co2.js/graphs/contributors,,,,,,,,,,,,
CodeCarbon,,https://codecarbon.io/,logos/1b0b91d680a8e0900e3cc97e83f3388ab163e8cf1bc7d9c9c65cce004048fff9.jpg,,,,,approved+tested,,MIT License,,A Python package for estimating and tracking the carbon emissions of compute-intensive code.,,,,,,,,,,,,Code,Code Level Energy Measurement,true,https://github.com/mlco2/codecarbon,1446,Track emissions from Compute and recommend ways to reduce their impact on the environment.,2025-06-10,https://github.com/mlco2/codecarbon/commit/3ac0901a22bfe82fc5c0ca525fcf145a30297b55,2025-05-26,https://github.com/mlco2/codecarbon/releases/tag/v3.0.2,2020-05-12,https://github.com/mlco2/codecarbon/commit/2a2464939cbbbcdeb6bc180a5f711f2633703ebe,93,https://github.com/mlco2/codecarbon/graphs/contributors,,,,,,,,,,,,
Compute Gardener Scheduler,,https://www.compute-gardener.com,logos/bbe7b956b4770e7512378310a0fe5afc06292ad9b3e776a1c59d6a872806a439.svg,,,,,,,Apache License 2.0,,The Compute Gardener Scheduler is a Kubernetes scheduler plugin that enables carbon and price-aware scheduling of pods based on real-time carbon intensity data and time-of-use electricity pricing.,,,,,,,,,,,,Optimization,Kubernetes,true,https://github.com/elevated-systems/compute-gardener-scheduler,7,www.compute-gardener.com,2025-06-13,https://github.com/elevated-systems/compute-gardener-scheduler/commit/cc561bbcbe9f0144286cf3bfa4e8baaf63c0c3a5,2025-06-13,https://github.com/elevated-systems/compute-gardener-scheduler/releases/tag/compute-gardener-scheduler-0.2.2,2025-02-27,https://github.com/elevated-systems/compute-gardener-scheduler/commit/c1298343952f6e040d07e2e3ac149c321eec3986,1,https://github.com/elevated-systems/compute-gardener-scheduler/graphs/contributors,,,,,,,,,,,,
Coppers,,https://github.com/ThijsRay/coppers,logos/233a480c89ad8849bad72f66995a309bc251698cf9ca0d177942caffa0a9c540.svg,,,,,archived,,Apache License 2.0,,Coppers is a test harness for Rust that can measure the evolution of power consumptions of a Rust program between different versions with the help of Intel RAPL.,,,,,,,,,,,,Code,Code Level Energy Measurement,true,https://github.com/ThijsRay/coppers,184,Coppers is a custom test harnass for Rust that measures the energy usage of your test suite.,2022-04-13,https://github.com/ThijsRay/coppers/commit/add2a7d56301137b339d8d791e1426ceb9022c7e,2022-04-05,https://github.com/ThijsRay/coppers/releases/tag/v0.1.1,2022-03-17,https://github.com/ThijsRay/coppers/commit/3997253786db57f1836942b93f1a90a06520c311,4,https://github.com/ThijsRay/coppers/graphs/contributors,,,,,,,,,,,,
CPU Energy Meter,,https://github.com/sosy-lab/cpu-energy-meter,logos/1ab6c4238d85a3a43b6de41553e5f413bf5111376a34766387892bd834617e22.svg,,,,,archived,,"BSD 3-Clause ""New"" or ""Revised"" License",,CPU Energy Meter is a Linux tool that allows to monitor power consumption of Intel CPUs at fine time granularities.,,,,,,,,,,,,Measurement Toolbox,Shell Tools,true,https://github.com/sosy-lab/cpu-energy-meter,336,A tool for measuring energy consumption of Intel CPUs,2023-11-02,https://github.com/sosy-lab/cpu-energy-meter/commit/a8f665b777074564a08940e1fe24bb44dc5eea38,2019-08-27,https://github.com/sosy-lab/cpu-energy-meter/releases/tag/1.2,2015-11-19,https://github.com/sosy-lab/cpu-energy-meter/commit/fc31a79d9c9034eaa015def0faabffd45700cdca,5,https://github.com/sosy-lab/cpu-energy-meter/graphs/contributors,,,,,,,,,,,,
Creedengo,,https://green-code-initiative.org,logos/8978b7678c36f9f6a8f0fe0c5bef69de7bd6bef5c70d1c4a61158df5da2a6ede.png,,,,,,,GNU General Public License v3.0,,A static code analysis tool for identifying energy inefficiencies in code.,,,,,,,,,,,,Code,Static Code Analysis,true,https://github.com/green-code-initiative/creedengo-rules-specifications,199,Reduce the environmental footprint of your software programs with SonarQube,2025-05-31,https://github.com/green-code-initiative/creedengo-rules-specifications/commit/a7eefd37bf3d08f6d63a9a7b25f6158a88a89db4,2023-12-29,https://github.com/green-code-initiative/creedengo-rules-specifications/releases/tag/1.4.4,2021-03-11,https://github.com/green-code-initiative/creedengo-rules-specifications/commit/1b78d52c21ed840c5602ba217db0cec966bc52b8,81,https://github.com/green-code-initiative/creedengo-rules-specifications/graphs/contributors,,,,,,,,,,,,
Cycloid,,https://www.cycloid.io/,logos/db7fa703489e3a9ec3b32f7a3dd40ecbee0ead88377041942e4ec90d71420cba.png,,,,,,,,,A platform for managing and optimizing cloud infrastructure with sustainability in mind.,,,,,,,,,,,,Optimization,Cloud Infrastructure,,,,,,,,,,,,,,,,,,,,,,,,
DailyClean,,https://github.com/AxaFrance/dailyclean,logos/26251700d64482a1d5c74f24730b1a8aab291fe269f8bce56fb0246358a2de02.svg,,,,,,,MIT License,,Shutting down pods by cronjob.,,,,,,,,,,,,Optimization,Kubernetes,true,https://github.com/AxaFrance/dailyclean,106,Save The planet by auto turn off your pods on kubernetes,2025-02-25,https://github.com/AxaFrance/dailyclean/commit/47df104bd78788a2781d5123e97e728db0321c7f,,,2021-12-02,https://github.com/AxaFrance/dailyclean/commit/d0746e53d6c3a1b8f627c9a68044cb667507d601,6,https://github.com/AxaFrance/dailyclean/graphs/contributors,,,,,,,,,,,,
DotNet-Counters,,https://learn.microsoft.com/en-us/dotnet/core/diagnostics/dotnet-counters,logos/f222062c4f59b7864163bd54d24fafc40f1e2f2513672e50bc08e5025d73e4e5.svg,,,,,,,,,A performance monitoring tool for .NET applications that includes energy consumption metrics.,,,,,,,,,,,,Code,Code Level Energy Measurement,,,,,,,,,,,,,,,,,,,,,,,,
Dynatrace Carbon Impact,,https://www.dynatrace.com/hub/detail/carbon-impact/,logos/e26fd42a79ed4cd1f7985a50ce77075f22337f5981655a476bd7773ef87d612d.svg,,,,,,,,,"A proprietary solution that provides insights into the carbon footprint of cloud applications and infrastructure, helping organizations reduce their environmental impact.",,,,,,,,,,,,Infrastructure & Cluster Level,Agent,,,,,,,,,,,,,,,,,,,,,,,,
ec0lint,,https://ec0lint.com,logos/2eda595d7a1eb15410bb3d5107dede1791f222bdddeedad9fafa4ea2ceba683b.jpg,,,,,,,MIT License,,ec0lint is a static code analysis tool that provides users with hints on how to reduce the carbon footprint of their websites during the development process.,,,,,,,,,,,,Code,Static Code Analysis,true,https://github.com/ec0lint/ec0lint,160,Create sustainable digital environment with ec0lint,2024-02-13,https://github.com/ec0lint/ec0lint/commit/392dfcec213dbc0d7bfc94e0b2a9d0aa16e3337c,,,2013-06-29,https://github.com/ec0lint/ec0lint/commit/a658d7b0e7d915750f18d666823d54ef2129a9af,986,https://github.com/ec0lint/ec0lint/graphs/contributors,,,,,,,,,,,,
Eco CI,,https://www.green-coding.io/products/eco-ci/,logos/4ce57eee04417c98bdcbbdb517cb82a4a4571a3d31e29ccc5c8b4b526d8bb2cf.png,,,,,approved+tested,,MIT License,,Eco CI is a project aimed at estimating energy consumption in continuous integration (CI) environments. It provides functionality to calculate the energy consumption of CI jobs based on the power consumption characteristics of the underlying hardware.,,,,,,,,,,,,Measurement Toolbox,CI Pipeline,true,https://github.com/green-coding-solutions/eco-ci-energy-estimation,93,Eco CI Energy estimation for Github Actions Runner VMs,2025-06-06,https://github.com/green-coding-solutions/eco-ci-energy-estimation/commit/eb06eb1b6fd7d7296edc12ae5bd9fa03877c4c7c,2025-05-04,https://github.com/green-coding-solutions/eco-ci-energy-estimation/releases/tag/v4.7,2023-01-16,https://github.com/green-coding-solutions/eco-ci-energy-estimation/commit/99e99943c132f8535c5c9b65f4858c782796aef1,13,https://github.com/green-coding-solutions/eco-ci-energy-estimation/graphs/contributors,,,,,,,,,,,,
Ecograder,,https://ecograder.com/,logos/0e6831bf10613954313aebe0634cb5a74eaad8cb964d77bbe3db0e42def831e8.svg,,,,,approved+tested,,,,"Ecograder analyzes websites for environmental impact by evaluating performance, design, development practices, and hosting, offering insights and recommendations to improve digital sustainability. A badge is provided that can be added to the footer of websites.",,,,,,,,,,,,Website,Website Carbon Estimation,,,,,,,,,,,,,,,,,,,,,,,,
EcoIndex,,https://www.ecoindex.fr/en/,logos/b97c6013459e15cdc06d7c2e0f12d19957bc89da370f193475eed659ebc6db63.png,,,,,,,,,"EcoIndex evaluates the environmental impact of web pages by analyzing technical performance, complexity, and resource usage, providing a sustainability score along with actionable recommendations for optimization.",,,,,,,,,,,,Website,Website Carbon Estimation,,,,,,,,,,,,,,,,,,,,,,,,
EcoInfra,,https://eco-infra.com,logos/3dd798316284d8059b1612bcc139894977a51fad262daffc7bfd16a1bd3f18a7.svg,,,,,,,Apache License 2.0,,"ecoinfra is a powerful tool that helps you predict, assess, and reduce the environmental impact of your cloud infrastructure. By integrating your existing or new IaC project you can harness predictive sustainability into your cloud operations.",,,,,,,,,,,,Optimization,Cloud Infrastructure,true,https://github.com/eco-infra/ecoinfra,10,Emission prediction tool,2024-08-23,https://github.com/eco-infra/ecoinfra/commit/62abb92bea979daeb29a715ede941d320295bd29,2024-08-12,https://github.com/eco-infra/ecoinfra/releases/tag/v1.15.3,2023-10-09,https://github.com/eco-infra/ecoinfra/commit/e766184eb41fa698fbd4ae52069d67a1038b0edb,4,https://github.com/eco-infra/ecoinfra/graphs/contributors,,,,,,,,,,,,
EcoLogits,,https://huggingface.co/spaces/genai-impact/ecologits-calculator,logos/e3c3cb5def4206d3bcdfb5ac024bb3755fe6db8e95c9a662d4b6bfb22d50e44d.png,,,,,,,Mozilla Public License 2.0,,EcoLogits tracks the energy consumption and environmental impacts of using generative AI models through APIs.,,,,,,,,,,,,Artificial Intelligence,AI Inference,true,https://github.com/genai-impact/ecologits,183,🌱 EcoLogits tracks the energy consumption and environmental footprint of using generative AI models through APIs.,2025-06-05,https://github.com/genai-impact/ecologits/commit/492c5e69ee2ce1d9febb24103eaa5e5a96dd40bf,2025-06-02,https://github.com/genai-impact/ecologits/releases/tag/0.7.1,2024-02-02,https://github.com/genai-impact/ecologits/commit/3e9adeef0b1c489c5887823c3bc191bd698a269f,11,https://github.com/genai-impact/ecologits/graphs/contributors,,,,,,,,,,,,
EcoPing,,https://ecoping.earth/,logos/02cfbb331ffdcd8cf8aaa3a250deda98c07531a1778f75d9cc19cc21b81e92b7.svg,,,,,,,,,EcoPing is a commercial website carbon calculator that allows you to monitor your websites to track their performance. It uses dynamic grid intensity data on the national level instead of a global average. It integrates Google Lighthouse & Core Web Vitals to give key metrics and actionable tasks for improving the site.,,,,,,,,,,,,Website,Website Carbon Estimation,,,,,,,,,,,,,,,,,,,,,,,,
Elastic Universal Profiling,,https://www.elastic.co/observability/universal-profiling,logos/0b385a96b6132c7328945191063185dc4a03ad8dd7eab3e4c9da541b7930e7b0.svg,,,,,,,,,A profiling solution that helps identify energy-intensive code paths and optimize application performance and energy efficiency.,,,,,,,,,,,,Optimization,Cloud Application Analysis,,,,,,,,,,,,,,,,,,,,,,,,
Electricity Maps,,https://www.electricitymaps.com/,logos/b10d65c8f76fef4e8120844f0ea0a713bb7a0f46487662e994352e170543fb99.svg,,,,,,,,,An API that provides real-time and forecast carbon intensity data for electricity grids around the world.,,,,,,,,,,,,Databases,Grid Carbon Intensity API Service,,,,,,,,,,,,,,,,,,,,,,,,
EnergiBridge,,https://github.com/tdurieux/EnergiBridge,logos/17cd9c707628ba48421e8305e4adff4227c3aef95282d3836acfbb7cc353607f.svg,,,,,,,MIT License,,EnergiBridge is a cross-platform tool designed to measure the energy consumption of software across various operating systems and hardware architectures.,,,,,,,,,,,,Measurement Toolbox,Shell Tools,true,https://github.com/tdurieux/EnergiBridge,26,,2024-07-27,https://github.com/tdurieux/EnergiBridge/commit/d05916451ce9922ea60b90ac92e4beabd9219f18,2024-03-04,https://github.com/tdurieux/EnergiBridge/releases/tag/v0.0.7,2023-10-12,https://github.com/tdurieux/EnergiBridge/commit/85a5e5da6d650be37e214b42f5feb3ea620146e3,6,https://github.com/tdurieux/EnergiBridge/graphs/contributors,,,,,,,,,,,,
Energy-Charts,,https://energy-charts.info/,logos/2dd89f7bf642165ab82a30b0dc2e4712bc2586b65fd4d14fa77d9e1a89354109.svg,,,,,,,,,"A service that provides data on electricity generation, consumption, and carbon intensity for various countries in Europe.",,,,,,,,,,,,Databases,Grid Carbon Intensity API Service,,,,,,,,,,,,,,,,,,,,,,,,
experiment-impact-tracker,,https://github.com/Breakend/experiment-impact-tracker,logos/dcd488a29bb7527201584a26807d4133603a558a15115794512efcb714147cdd.svg,,,,,archive,,MIT License,,"The experiment-impact-tracker is meant to be a simple drop-in method to track energy usage, carbon emissions, and compute utilization of your system.",,,,,,,,,,,,Artificial Intelligence,AI Model Training,true,https://github.com/Breakend/experiment-impact-tracker,285,,2021-06-04,https://github.com/Breakend/experiment-impact-tracker/commit/c1b0fcb4e75f04511805a1e57b2d8a97266d2977,,,2019-11-06,https://github.com/Breakend/experiment-impact-tracker/commit/f761f0593b3a1dab94e96916325e5b3543e0020f,6,https://github.com/Breakend/experiment-impact-tracker/graphs/contributors,,,,,,,,,,,,
ExperimentRunner,,https://github.com/S2-group/experiment-runner,logos/289fb887a3ccc9613729fee0f8f282c40aa9f5497d2d975fd1fde54548a5b2b3.png,,,,,,,MIT License,,"Experiment Runner is a generic framework to automatically execute measurement-based experiments on any platform. The experiments are user-defined, can be completely customized, and expressed in python code.",,,,,,,,,,,,Measurement Toolbox,Shell Tools,true,https://github.com/S2-group/experiment-runner,15,Tool for the automatic orchestration of experiments targeting software systems ,2025-05-16,https://github.com/S2-group/experiment-runner/commit/af8f7f820306f865a35c3d96bd0e5cb43cbb35fb,2025-05-16,https://github.com/S2-group/experiment-runner/releases/tag/v1.0.1,2022-06-20,https://github.com/S2-group/experiment-runner/commit/85eca66ac90a5dd54b9c2e2f87da902ea519a0d3,7,https://github.com/S2-group/experiment-runner/graphs/contributors,,,,,,,,,,,,
Firefox Power Profiler,,https://profiler.firefox.com/,logos/875a80f26c2cd29605ced72fb790b8acd53b95cdd8cabd860b1acba38c5de142.svg,,,,,,,Mozilla Public License 2.0,,A tool for profiling the power consumption of websites in Firefox.,,,,,,,,,,,,Website,Website Analysis,true,https://github.com/firefox-devtools/profiler,1346,Firefox Profiler — Web app for Firefox performance analysis,2025-06-12,https://github.com/firefox-devtools/profiler/commit/452ec65b9765f7691cf5bda327cedb20ba4b2ec9,,,2016-01-26,https://github.com/firefox-devtools/profiler/commit/9bcebb027a797e6485a97d856f78d40e48fa2974,284,https://github.com/firefox-devtools/profiler/graphs/contributors,,,,,,,,,,,,
fruggr,,https://www.fruggr.io/,logos/26193ee31a6ee27cc2cfb3237b0861513caa513fb218b7b9bf995f597ec8631a.svg,,,,,,,,,"fruggr is a platform for collecting, managing and optimizing the environmental footprint of your cloud & on-prem infrastructure, digital workplaces, IT assets, websites, applications and more.",,,,,,,,,,,,Data Aggregation,Organizational Level,,,,,,,,,,,,,,,,,,,,,,,,
Goldilocks,,https://github.com/FairwindsOps/goldilocks,logos/52b9c5bbaad1d54601b9a6ce8d4e36cd078a4625f90a79c6f8926203f977f6aa.svg,,,,,,,Apache License 2.0,,A tool for identifying and setting resource requests and limits for Kubernetes workloads.,,,,,,,,,,,,Optimization,Kubernetes,true,https://github.com/FairwindsOps/goldilocks,2820,"Get your resource requests ""Just Right""",2025-02-19,https://github.com/FairwindsOps/goldilocks/commit/8b07f7513afaffa1e83972b6fcd9ea1062eb02e4,2025-02-19,https://github.com/FairwindsOps/goldilocks/releases/tag/v4.13.4,2019-04-25,https://github.com/FairwindsOps/goldilocks/commit/af1cc067e29372380ad8234a16d13389474a834c,48,https://github.com/FairwindsOps/goldilocks/graphs/contributors,,,,,,,,,,,,
Google Carbon Footprint,,https://cloud.google.com/carbon-footprint,logos/be3f2c147a126a755e9938739d2239d8be34743ca03de9aab6e218b2254443d6.svg,,,,,,,,,The Carbon Footprint dashboard displays estimated greenhouse gas emissions associated with the usage of covered Google Cloud services for the selected billing account.,,,,,,,,,,,,Infrastructure & Cluster Level,Infrastructure Provider Level,,,,,,,,,,,,,,,,,,,,,,,,
Green Algorithms Calculator,,https://www.green-algorithms.org/,logos/f223042608ab1472e4f7e1db5a50585708f4f93583f93d053b5bd62cdd180e8a.svg,,,,,,,Creative Commons Attribution 4.0 International,,"A tool for estimating the carbon footprint of computational tasks, including AI Model Training and inference.",,,,,,,,,,,,Artificial Intelligence,AI Model Training,true,https://github.com/GreenAlgorithms/green-algorithms-tool,102,,2025-02-05,https://github.com/GreenAlgorithms/green-algorithms-tool/commit/30df2feead1c7f5db87a3d86ca1239470a0cd415,2025-02-05,https://github.com/GreenAlgorithms/green-algorithms-tool/releases/tag/v3.0,2020-01-14,https://github.com/GreenAlgorithms/green-algorithms-tool/commit/42e6d0ef64b20a2353a94467b3a508c494ece4cb,11,https://github.com/GreenAlgorithms/green-algorithms-tool/graphs/contributors,,,,,,,,,,,,
Green Coding AI,,https://green-coding.ai,logos/b0f4023f921b0968fca7dbce41efa545dd92f48160b3d90902c44dd8bd33a097.webp,,,,,,,,,This project aims to show how much asking an GPT uses in resources.,,,,,,,,,,,,Artificial Intelligence,AI Inference,,,,,,,,,,,,,,,,,,,,,,,,
Green Cost Explorer for AWS,,https://github.com/thegreenwebfoundation/green-cost-explorer,logos/1e4673e7a1c0123a62d1609740e1a477aba7fd137484a66fcba88c1546365356.png,,,,,archived,,Apache License 2.0,,The Green Cost Explorer is a tool by The Green Web Foundation that helps visualize AWS cloud spending alongside carbon emissions data to support more sustainable cloud infrastructure decisions.,,,,,,,,,,,,Infrastructure & Cluster Level,Infrastructure Provider Level,true,https://github.com/thegreenwebfoundation/green-cost-explorer,175,"See how much of your cloud bill is spent on fossil fuels ,so you can do the right thing and switch. We're in a climate crisis, remember?",2020-09-09,https://github.com/thegreenwebfoundation/green-cost-explorer/commit/6d3226abd3e5eb4202a3a447f45c2df6d5c832b8,,,2019-08-04,https://github.com/thegreenwebfoundation/green-cost-explorer/commit/b5029112238abca2a42812aeb2b6dac81d87952d,9,https://github.com/thegreenwebfoundation/green-cost-explorer/graphs/contributors,,,,,,,,,,,,
Green Metrics Tool,,https://www.green-coding.io/products/green-metrics-tool/,logos/7f2a85d775301b009d5808b7a83c799e45c61067adb92b9cba461f78890a4793.png,,,,,approved+tested,,GNU Affero General Public License v3.0,,The Green Metrics Tool is a developer tool indented for measuring the energy and CO2 consumption of software through a software life cycle analysis (SLCA).,,,,,,,,,,,,Component,Containerized Application,true,https://github.com/green-coding-solutions/green-metrics-tool,208,Measure energy and carbon consumption of software ,2025-06-14,https://github.com/green-coding-solutions/green-metrics-tool/commit/66de63459a6e7123fd24b643749c690be762c350,2025-06-04,https://github.com/green-coding-solutions/green-metrics-tool/releases/tag/v2.1,2022-03-22,https://github.com/green-coding-solutions/green-metrics-tool/commit/5932faf33831002920407d940477bb872db3d952,10,https://github.com/green-coding-solutions/green-metrics-tool/graphs/contributors,,,,,,,,,,,,
GreenFrame,,https://greenframe.io/,logos/155a064975b0c7407ec253785559eb0e403396ca1ce74617a0be30996d799c10.svg,,,,,,,Elastic-2.0,,"Estimates the carbon footprint of a user scenario on a web application. Full-stack analysis (browser, screen, network, server). Can be used standalone, in a CI/CD pipeline, and in conjunction with the greenframe.io service.",,,,,,,,,,,,Component,Containerized Application,true,https://github.com/marmelab/greenframe-cli,251,Estimate the carbon footprint of a user scenario on a web application,2024-08-22,https://github.com/marmelab/greenframe-cli/commit/f82571d11643c0dc7d4847567336dd0c71d6d2c3,2024-07-24,https://github.com/marmelab/greenframe-cli/releases/tag/v2.0.1,2022-09-05,https://github.com/marmelab/greenframe-cli/commit/1ae05e1fce17ccaa267251466083db6bbfbf2e33,13,https://github.com/marmelab/greenframe-cli/graphs/contributors,,,,,,,,,,,,
GreenIT-Analysis,,https://github.com/cnumr/GreenIT-Analysis,logos/a66f1a575815e363b00a937b74fe347e06e001b6ffc724221c459506b2112c11.png,,,,,approved+tested,,GNU Affero General Public License v3.0,,A browser extension for analyzing the websites for best practices.,,,,,,,,,,,,Website,Website Analysis,true,https://github.com/cnumr/GreenIT-Analysis,154,GreenIT-Analysis,2025-01-29,https://github.com/cnumr/GreenIT-Analysis/commit/ca0d9d841348e376d5f328f410158321b068b6d2,2022-08-27,https://github.com/cnumr/GreenIT-Analysis/releases/tag/v3.0.1,2018-12-27,https://github.com/cnumr/GreenIT-Analysis/commit/b4bea99f179d38db44ae3221b8189c9add79fe0d,10,https://github.com/cnumr/GreenIT-Analysis/graphs/contributors,,,,,,,,,,,,
Greenpixie GPX Data,,https://greenpixie.com/,logos/38e720590d80c9b721eabf5997c54e29e14467b1202340b33b61cb2403df3890.svg,,,,,,,,,A solution for optimizing cloud infrastructure to reduce carbon emissions.,,,,,,,,,,,,Optimization,Cloud Infrastructure,,,,,,,,,,,,,,,,,,,,,,,,
Greenspector Studio,,https://greenspector.com/en/greenspector-studio-it-environmental-footprint-websites-applications/,logos/78ac2f6c3ac6921554b3b84a7c72678f6b69da3a6379ee7a74f0364a4b20ad40.png,,,,,approved+tested,,,,A proprietary solution for measuring the energy efficiency and carbon footprint of websites and mobile applications on real devices on the test bench of Greenspector.,,,,,,,,,,,,Component,Mobile App,,,,,,,,,,,,,,,,,,,,,,,,
Grid-aware Websites,,https://www.thegreenwebfoundation.org/tools/grid-aware-websites/,logos/41c1d6ee486cd3cd93b0c4c42a0e3c6e643d321c880c3a6a1077692b9dbfe008.svg,,,,,,,Apache-2.0,,A library for making websites carbon-aware by adapting to the carbon intensity of the electricity grid.,,,,,,,,,,,,Optimization,Carbon Awareness,true,https://github.com/thegreenwebfoundation/grid-aware-websites,21,A library to enable developers to implement grid awareness in their websites,2025-05-29,https://github.com/thegreenwebfoundation/grid-aware-websites/commit/0a7ea41d350eeddb740be4f0e7dbb45703f09a41,2025-05-29,https://github.com/thegreenwebfoundation/grid-aware-websites/releases/tag/v0.3.1,2024-11-06,https://github.com/thegreenwebfoundation/grid-aware-websites/commit/562c0597f4a6d1f1c2719865c9373efe18e84d9c,5,https://github.com/thegreenwebfoundation/grid-aware-websites/graphs/contributors,,,,,,,,,,,,
grid-intensity-go,,https://github.com/thegreenwebfoundation/grid-intensity-go,logos/8ae37b6c986da733cace87df3c771be400835e6bba7697c0cabfe6adc72e0251.svg,,,,,,,Apache License 2.0,,"A command-line tool, go library and Prometheus exporter for accessing carbon intensity data from various sources.",,,,,,,,,,,,Optimization,Carbon Awareness,true,https://github.com/thegreenwebfoundation/grid-intensity-go,79,A tool written in go to help you factor carbon intensity into decisions about where and when to run computing jobs.,2024-08-29,https://github.com/thegreenwebfoundation/grid-intensity-go/commit/e9456c2ed94f5124e0aae0bb9b269eaafbaf6a97,2024-06-11,https://github.com/thegreenwebfoundation/grid-intensity-go/releases/tag/v0.7.0,2020-11-03,https://github.com/thegreenwebfoundation/grid-intensity-go/commit/65762b9995a3a21074cde5ecae160b2008e889c0,6,https://github.com/thegreenwebfoundation/grid-intensity-go/graphs/contributors,,,,,,,,,,,,
IBM Turbonomic,,https://www.ibm.com/products/turbonomic,logos/99107e94bcde86d35ea0fe513568034715d00d2129f674fce8abc6f19c109102.png,,,,,,,,,A platform for optimizing cloud resources to reduce costs and carbon emissions.,,,,,,,,,,,,Optimization,Cloud Infrastructure,,,,,,,,,,,,,,,,,,,,,,,,
Impact Framework,,https://if.greensoftware.foundation/,logos/72bffabc4412ad467b9c183fe8a069cdfb227a90febeca1f98c7b3257048c970.svg,,,,,,,MIT License,,A framework for modeling and analyzing the environmental impact of software systems.,,,,,,,,,,,,Data Aggregation,Modeling,true,https://github.com/Green-Software-Foundation/if,171,Impact Framework,2025-06-10,https://github.com/Green-Software-Foundation/if/commit/c3d3bdd5aa4c7c773257db1eed667ef60ebeb1e6,2025-05-20,https://github.com/Green-Software-Foundation/if/releases/tag/v1.0.2,2023-02-08,https://github.com/Green-Software-Foundation/if/commit/4eb3cf15012d245e6c1449537c00445ff60b8278,26,https://github.com/Green-Software-Foundation/if/graphs/contributors,,,,,,,,,,,,
InfluxData Telegraf,,https://www.influxdata.com/time-series-platform/telegraf/,logos/71f23db9e0bc2aaff42382cb8ef3157dc60ef522090d6e1b7bbb8d885a827d42.png,,,,,,,MIT License,,"A plugin-driven server agent for collecting and reporting metrics, including energy consumption and carbon emissions.",,,,,,,,,,,,Infrastructure & Cluster Level,Agent,true,https://github.com/influxdata/telegraf,15668,"Agent for collecting, processing, aggregating, and writing metrics, logs, and other arbitrary data.",2025-06-13,https://github.com/influxdata/telegraf/commit/4330a3662d55c0ac73a28f268993dc535b3e3d89,2025-05-19,https://github.com/influxdata/telegraf/releases/tag/v1.34.4,2015-04-01,https://github.com/influxdata/telegraf/commit/b8e13890a9623b7cfdf3569c0cd579e3814339dc,1452,https://github.com/influxdata/telegraf/graphs/contributors,,,,,,,,,,,,
Intel PCM,,https://www.intel.com/content/www/us/en/developer/articles/tool/performance-counter-monitor.html?wapkw=pcm,logos/46e5c412f21d0f78547c614691bdace335d9768e175dd0a07037cf71f884418c.png,,,,,,,"BSD 3-Clause ""New"" or ""Revised"" License",,A tool for monitoring performance and energy metrics for Intel processors.,,,,,,,,,,,,Measurement Toolbox,Shell Tools,true,https://github.com/intel/pcm,3023,Intel® Performance Counter Monitor (Intel® PCM),2025-06-05,https://github.com/intel/pcm/commit/d1a63aa9bb6063f8652eb6e7de9f012c8fd76309,2025-02-26,https://github.com/intel/pcm/releases/tag/202502,2016-10-31,https://github.com/intel/pcm/commit/c769e1250b7dc93501b8973a55d24c2eb10b3387,107,https://github.com/intel/pcm/graphs/contributors,,,,,,,,,,,,
JoularJX,,https://github.com/joular/joularjx,logos/4fa7228b21019111965a92d1c90869de8683a033072b567cef4f5d430f718490.png,,,,,,,GNU General Public License v3.0,,JoularJX is a Java-based agent for software power monitoring at the source code level.,,,,,,,,,,,,Code,Code Level Energy Measurement,true,https://github.com/joular/joularjx,83,JoularJX is a Java-based agent for software power monitoring at the source code level.,2025-03-29,https://github.com/joular/joularjx/commit/ff55f299c190649f260ce2e291760d90b9b42e64,2024-11-19,https://github.com/joular/joularjx/releases/tag/3.0.1,2021-06-07,https://github.com/joular/joularjx/commit/d141ff59292537a6fe13abd6c8606ecbb8b0320d,12,https://github.com/joular/joularjx/graphs/contributors,,,,,,,,,,,,
jPowerMonitor,,https://github.com/msg-systems/jpowermonitor,logos/8b3c702b975084f34c6676826372309dae68f69b1e7836e1602c8f2d8a51104c.svg,,,,,,,Apache License 2.0,,JUnit Extension and Java Agent for energy consumption measurement.,,,,,,,,,,,,Code,Code Level Energy Measurement,true,https://github.com/msg-systems/jpowermonitor,11,JUnit Extension and Java Agent to measure the power consumption of Java applications in watt hours or joule.,2025-05-26,https://github.com/msg-systems/jpowermonitor/commit/2db40325650adc15d2ccff48634b359800f76c9b,2024-10-18,https://github.com/msg-systems/jpowermonitor/releases/tag/release-1-2-1,2022-05-20,https://github.com/msg-systems/jpowermonitor/commit/d430588aa265ed6dc8fe98966275140a8c196ef4,10,https://github.com/msg-systems/jpowermonitor/graphs/contributors,,,,,,,,,,,,
Karpenter,,https://karpenter.sh/,logos/14ce1a760dfba19d4d66277ac0bc4b2cb122b617222c5f6467a1c37d8986aec4.svg,,,,,approved+tested,,Apache License 2.0,,A Kubernetes node autoscaler that helps improve application availability and cluster efficiency.,,,,,,,,,,,,Optimization,Kubernetes,true,https://github.com/aws/karpenter-provider-aws,7306,"Karpenter is a Kubernetes Node Autoscaler built for flexibility, performance, and simplicity.",2025-06-09,https://github.com/aws/karpenter-provider-aws/commit/f242c8f63048ed642117a79b19b8ed66148d8eb0,2025-05-23,https://github.com/aws/karpenter-provider-aws/releases/tag/v1.5.0,2020-07-09,https://github.com/aws/karpenter-provider-aws/commit/4f673c35ddfcab557a9849ea132285ae443a7e12,396,https://github.com/aws/karpenter/graphs/contributors,,,,,,,,,,,,
Kastor,,https://kastor.green/,logos/f888efb172b7522c565b52c8a7818d4a94011d226d6101b38420c68c11b4a632.svg,,,,,,,,,Kastor estimates the carbon emissions of a website and analyzes it according to eco design and accessibility guidelines.,,,,,,,,,,,,Website,Website Carbon Estimation,,,,,,,,,,,,,,,,,,,,,,,,
KEDA,,https://keda.sh/,logos/b1b8f9b5a0a251fce9570ddd9ae29ba598ecec50c4ff150f792d2d97898b3bbe.png,,,,,approved+tested,,Apache License 2.0,,A Kubernetes-based event-driven autoscaler that can scale applications based on event metrics from various sources.,,,,,,,,,,,,Optimization,Kubernetes,true,https://github.com/kedacore/keda,9150, KEDA is a Kubernetes-based Event Driven Autoscaling component. It provides event driven scale for any container running in Kubernetes ,2025-06-12,https://github.com/kedacore/keda/commit/e91c91c2379e95a26d61fa69387e41d268d42d97,2025-05-15,https://github.com/kedacore/keda/releases/tag/v2.17.1,2019-02-13,https://github.com/kedacore/keda/commit/169efdc3236c42f079e9db780b628956f2afb459,411,https://github.com/kedacore/keda/graphs/contributors,,,,,,,,,,,,
KEIT,,https://github.com/aknostic/keit/,logos/8ed2833abd9ccd3f6246d6e3f501c61d261ffbfe1f26eb0232f564c84812d60c.svg,,,,,,,Apache License 2.0,,KEIT (Kubernetes Emissions Insights Tool) supplements the energy recording with Kepler with current grid carbon intensity values and embodied carbon emissions.,,,,,,,,,,,,Infrastructure & Cluster Level,Kubernetes,true,https://github.com/aknostic/keit,42,,2025-05-14,https://github.com/aknostic/keit/commit/c119bcaeecd7d43a0943ac1890341e5ecd2214ee,,,2025-01-03,https://github.com/aknostic/keit/commit/08918011490249e6f654524c171b52b93b8e8d7c,6,https://github.com/aknostic/keit/graphs/contributors,,,,,,,,,,,,
Kepler,,https://sustainable-computing.io/,logos/6df80d6b2985ade2f7bf259fb8cb1c9379ef50ae6ecdea6a5763b0b1db2d6437.svg,,,,,approved+tested,,Apache License 2.0,,"Kepler (Kubernetes-based Efficient Power Level Exporter) uses eBPF to probe performance counters and other system stats, use ML models to estimate workload energy consumption based on these stats, and exports them as Prometheus metrics.",,,,,,,,,,,,Infrastructure & Cluster Level,Kubernetes,true,https://github.com/sustainable-computing-io/kepler,1327,"Kepler (Kubernetes-based Efficient Power Level Exporter) uses eBPF to probe performance counters and other system stats, use ML models to estimate workload energy consumption based on these stats, and exports them as Prometheus metrics",2025-06-04,https://github.com/sustainable-computing-io/kepler/commit/9c21c99bccab65a77aaa2c7a984765a58aa8c187,2025-03-18,https://github.com/sustainable-computing-io/kepler/releases/tag/v0.8.0,2022-02-01,https://github.com/sustainable-computing-io/kepler/commit/3c0a29b387316fca28504a039ab5f2302e858881,67,https://github.com/sustainable-computing-io/kepler/graphs/contributors,,,,,,,,,,,,
Klimatest,,https://klimatest.cleaner-web.com/,logos/4e751375cd87d1095fe9051fa6c64b26b9038c8a5d0bbe3ce9a9bd21018dfc5d.svg,,,,,,,,,"Klimatest is another website carbon calculator from a German web agency called ""°Cleaner Web"". It also provides some recommendations.",,,,,,,,,,,,Website,Website Carbon Estimation,,,,,,,,,,,,,,,,,,,,,,,,
kube-green,,https://kube-green.dev/,logos/c24e7b4e10de76cab5dd7982f8b89b844933d2bbe07d576e1629f46bd8381e26.svg,,,,,approved+tested,,MIT License,,A Kubernetes operator to reduce CO2 footprint by shutting down idle resources.,,,,,,,,,,,,Optimization,Kubernetes,true,https://github.com/kube-green/kube-green,1183,A K8s operator to reduce CO2 footprint of your clusters,2025-05-22,https://github.com/kube-green/kube-green/commit/7f6b12cf3482a588e30c0e5adbafe1fbd7e2737d,2025-01-19,https://github.com/kube-green/kube-green/releases/tag/v0.7.0,2021-02-21,https://github.com/kube-green/kube-green/commit/543c32c6c5e7539bacb7e1c988d330d188fbf5c1,18,https://github.com/kube-green/kube-green/graphs/contributors,,,,,,,,,,,,
Li10 for AWS,,https://www.li10.com/,logos/b3e4ab747841d1e1cdacbe5fc0010fab00b5e7ddf0e4750f5fed1fb1b55800fa.svg,,,,,approved+tested,,,,Measures the emissions for AWS resources with Software Carbon Intensity methodology defined by the Green Software Foundation.,,,,,,,,,,,,Infrastructure & Cluster Level,Infrastructure Provider Level,,,,,,,,,,,,,,,,,,,,,,,,
LIMo,,https://github.com/qaware/microservice-energy-consumption-benchmark/blob/main/tools/limo/README.md,logos/92863b4a012060c70cca355be9b3643b77802fa0d20af34dc507b169cb7ff973.svg,,,,,,,,,A lightweight monitoring tool for calculating the energy consumption of microservices in Docker containers.,,,,,,,,,,,,Component,Containerized Application,,,,,,,,,,,,,,,,,,,,,,,,
ML CO2 Impact,,https://mlco2.github.io/impact/,logos/40517e17731441ff11f661b5067cdb15fb590e00b781fb456232249134e705cc.png,,,,,,,MIT License,,A tool for estimating the carbon footprint of machine learning computations.,,,,,,,,,,,,Artificial Intelligence,AI Model Training,true,https://github.com/mlco2/impact,231,ML has an impact on the climate. But not all models are born equal. Compute your model's emissions with our calculator and add the results to your paper with our generated latex template,2024-11-12,https://github.com/mlco2/impact/commit/8e790e53e8dadac7dcc1f3c503f005d7aeb1edae,,,2019-08-13,https://github.com/mlco2/impact/commit/184995bdab5077292f753933961b5d8a0705a3cb,21,https://github.com/mlco2/impact/graphs/contributors,,,,,,,,,,,,
NVIDIA SMI,,https://developer.nvidia.com/nvidia-system-management-interface,logos/a216eb21e1c8a7149e17fa718c2223e39b217849f1d568e7c88266576cbeeec2.png,,,,,,,,,"A tool for monitoring and managing NVIDIA GPUs, including power consumption.",,,,,,,,,,,,Measurement Toolbox,Shell Tools,,,,,,,,,,,,,,,,,,,,,,,,
oaklean,,https://www.oaklean.io/,logos/703dc72b6e2b57d1ac3a8a77bfa74684d64dc354c18b67fc72f172f29af68f52.svg,,,,,approved+tested,,MIT License,,A tool for analyzing and optimizing the energy efficiency of Node.js applications.,,,,,,,,,,,,Code,Code Level Energy Measurement,true,https://github.com/hitabisgmbh/oaklean,9,,2024-11-22,https://github.com/hitabisgmbh/oaklean/commit/3bd9a07a41b1aff154fee51e68c6242e7e22287a,2024-11-22,https://github.com/hitabisgmbh/oaklean/releases/tag/0.1.4,2024-05-24,https://github.com/hitabisgmbh/oaklean/commit/43f113251009331320ecdd9ac9d894e3722bf746,2,https://github.com/hitabisgmbh/oaklean/graphs/contributors,,,,,,,,,,,,
OpenTelemetry eBPF Profiler,,https://github.com/open-telemetry/opentelemetry-ebpf-profiler,logos/b85ba39c57e614d569b72d70c2353923c1f88ef670bcc98addce2ce2bc7eb9a7.svg,,,,,,,,,"A whole-system, cross-language profiler for Linux via eBPF.",,,,,,,,,,,,Optimization,Cloud Application Analysis,,,,,,,,,,,,,,,,,,,,,,,,
OpenTelemetry Java Agent Extension,,https://github.com/RETIT/opentelemetry-javaagent-extension,logos/aef395d285c40dbd98d50e8f7729177bd3532ff37492b0dfd1204f2c69bc18b3.png,,,,,,,Apache License 2.0,,An extension for the OpenTelemetry Java Agent provided by RETIT that collects resource demand data and publishes carbon emissions.,,,,,,,,,,,,Infrastructure & Cluster Level,Agent,true,https://github.com/RETIT/opentelemetry-javaagent-extension,16,This repository contains an extension for the OpenTelemetry Java Auto-Instrumentation agent to collect resource demand data and to publish carbon emissions of software systems. ,2025-06-09,https://github.com/RETIT/opentelemetry-javaagent-extension/commit/801fdf0ebf4e2149aa908bb84648bd9e87207fae,2025-04-29,https://github.com/RETIT/opentelemetry-javaagent-extension/releases/tag/v0.0.16-alpha,2024-02-13,https://github.com/RETIT/opentelemetry-javaagent-extension/commit/6c2020379fbaa96d202fd741563d024542b1203e,5,https://github.com/RETIT/opentelemetry-javaagent-extension/graphs/contributors,,,,,,,,,,,,
OxygenIT,,https://www.oxygenit.io/,logos/6bdfe3aef6bf9aba271ddfd31bbcdd76374836c5c3f69376bd512ac0955ca4ea.png,,,,,,,,,A solution for optimizing IT infrastructure to reduce energy consumption and carbon emissions.,,,,,,,,,,,,Optimization,Cloud Infrastructure,,,,,,,,,,,,,,,,,,,,,,,,
Perf,,https://perf.wiki.kernel.org/index.php/Main_Page,logos/a9339dc72413eb4a16bd87328d1bfff34d6b5d9c5173e6fd7b27184e7579e114.svg,,,,,,,,,A performance analysis tool for Linux that can also be used to measure energy consumption by using RAPL.,,,,,,,,,,,,Measurement Toolbox,Shell Tools,,,,,,,,,,,,,,,,,,,,,,,,
perun,,https://perun.readthedocs.io/en/latest/,logos/1daf577be6178fed9a7b4e63b7547f91cf611f87390146701f818b8a8def9c39.svg,,,,,,,"BSD 3-Clause ""New"" or ""Revised"" License",,"perun is a Python package that calculates the energy consumption of Python scripts by sampling usage statistics from your Intel, Nvidia or AMD hardware components. It can handle MPI applications, gather data from hundreds of nodes, and accumulate it efficiently. perun can be used as a command-line tool or as a function decorator in Python scripts.",,,,,,,,,,,,Code,Code Level Energy Measurement,true,https://github.com/Helmholtz-AI-Energy/perun,71,Perun is a Python package that measures the energy consumption of you applications.,2025-05-20,https://github.com/Helmholtz-AI-Energy/perun/commit/896fb4d759a9c3179f9a6417d3e1ac1e8deaa401,2025-05-20,https://github.com/Helmholtz-AI-Energy/perun/releases/tag/v0.9.0,2022-08-09,https://github.com/Helmholtz-AI-Energy/perun/commit/c8620bc5e0f745323e5409b2dda4d26e5ef2ff21,8,https://github.com/Helmholtz-AI-Energy/perun/graphs/contributors,,,,,,,,,,,,
PowDroid,,https://www.noureddine.org/research/powdroid,logos/abe34b24c4b4b04f0a3ea24b8439d8d28f2dab9430a34423a62015fc692b01a7.png,,,,,,,GNU General Public License v3.0,,An open-source tool for measuring the power consumption of Android applications.,,,,,,,,,,,,Component,Mobile App,true,https://github.com/powdroid-project/powdroid,4,PowDroid is a tool to estimate the energy consumption of Android applications and devices.,2025-05-22,https://github.com/powdroid-project/powdroid/commit/3eadf9299dffaa3f4348f720c9506c5e8b8131cb,,,2025-04-29,https://github.com/powdroid-project/powdroid/commit/8d284c1932a55f8265d78c2566d5b3a5a0c00094,2,https://github.com/powdroid-project/powdroid/graphs/contributors,,,,,,,,,,,,
Power Hog,,https://www.green-coding.io/products/power-hog/,logos/2c3653e70e08f5bdd75fa580b52b09ed8b948ee5d950269df5dac5daec3f59df.png,,,,,approved+tested,,GNU Affero General Public License v3.0,,A tool for monitoring the power consumption of desktop applications.,,,,,,,,,,,,Component,Desktop Application,true,https://github.com/green-coding-solutions/hog,10,A tool suit that collects data of programs that use a lot of energy ,2025-04-22,https://github.com/green-coding-solutions/hog/commit/93c6e60962bce5f19fffb701576ab9a13c4a1a5b,2025-02-24,https://github.com/green-coding-solutions/hog/releases/tag/0.6,2023-06-19,https://github.com/green-coding-solutions/hog/commit/4c1e71c8ee39f764e4b3382efe5e7e96669b5d98,2,https://github.com/green-coding-solutions/hog/graphs/contributors,,,,,,,,,,,,
powerletrics,,https://github.com/green-kernel/powerletrics,logos/5dcc671fa52d1ce04240bc1c6e10905c84f5a4500a8a0396610b21e042082ee6.png,,,,,,,GNU Affero General Public License v3.0,,"PowerLetrics is an open-source framework designed to monitor and analyze power consumption metrics at the process level on Linux. Similar to how top displays memory or CPU time, PowerLetrics provides the ""Energy Footprint"" of each process in real-time.",,,,,,,,,,,,Measurement Toolbox,Shell Tools,true,https://github.com/green-kernel/powerletrics,42,Powermetrics for Linux,2024-12-10,https://github.com/green-kernel/powerletrics/commit/91d84e145b5a949675a82f8c0dceb28edabc9f33,,,2024-05-31,https://github.com/green-kernel/powerletrics/commit/d99c6235222f05ef09c758f4f829cc6be23a0a4b,3,https://github.com/green-kernel/powerletrics/graphs/contributors,,,,,,,,,,,,
Powerstat,,https://github.com/ColinIanKing/powerstat,logos/ae786c2cd91a1ee4a27c4fb5cc53a0a42e7dab333bede3fd40724e6a728f701a.png,,,,,,,GNU General Public License v2.0,,Powerstat measures the power consumption of a machine using the battery stats or the Intel RAPL interface. The output is like vmstat but also shows power consumption statistics.,,,,,,,,,,,,Measurement Toolbox,Shell Tools,true,https://github.com/ColinIanKing/powerstat,149,"Powerstat measures the power consumption of a machine using the battery stats or the Intel RAPL interface. The output is like vmstat but also shows power consumption statistics. At the end of a run, powerstat will calculate the average, standard deviation and min/max of the gathered data. ",2025-05-07,https://github.com/ColinIanKing/powerstat/commit/ce69493a68eeed443577ede08532bf77842afaa4,2025-05-07,https://github.com/ColinIanKing/powerstat/releases/tag/V0.04.05,2011-11-15,https://github.com/ColinIanKing/powerstat/commit/ea40c543841f712b7a94faf17f4e56b7690d2b55,5,https://github.com/ColinIanKing/powerstat/graphs/contributors,,,,,,,,,,,,
PowerTOP,,https://github.com/fenrus75/powertop,logos/9d2b0f378726f901bab61963cba68b0af2a646821fdba0d3e70e1bf7bdcd435c.svg,,,,,,,GNU General Public License v2.0,,A tool for diagnosing issues with power consumption and power management on Linux.,,,,,,,,,,,,Measurement Toolbox,Shell Tools,true,https://github.com/fenrus75/powertop,1157,The Linux PowerTOP tool  -- please post patches to the mailing list instead of using github pull requests,2025-02-28,https://github.com/fenrus75/powertop/commit/d3d10626a3937be9cc2e1a4de9b973dfc78588ba,2022-09-29,https://github.com/fenrus75/powertop/releases/tag/v2.15,2010-07-31,https://github.com/fenrus75/powertop/commit/f019236b2c9671f11bebe8484b85f78c92a6f138,105,https://github.com/fenrus75/powertop/graphs/contributors,,,,,,,,,,,,
Pruna AI,,https://www.pruna.ai/,logos/5fc1460f53b9d75cc1c6450e3f0ccef749e4bca9fb7db8829c87dc795ec90229.png,,,,,,,Apache License 2.0,,"Pruna is a model optimization framework built for developers, enabling you to deliver faster, more efficient models with minimal overhead. It provides a comprehensive suite of compression algorithms including caching, quantization, pruning, distillation and compilation techniques.",,,,,,,,,,,,Optimization,Artificial Intelligence,true,https://github.com/PrunaAI/pruna,715,"Pruna is a model optimization framework built for developers, enabling you to deliver faster, more efficient models with minimal overhead.",2025-06-13,https://github.com/PrunaAI/pruna/commit/642164fc58195401c8fa6d5493a9d32efc6d1f69,2025-05-28,https://github.com/PrunaAI/pruna/releases/tag/v0.2.5,2025-03-11,https://github.com/PrunaAI/pruna/commit/bc6929899de245bfec372d70333076a63f7a1e49,14,https://github.com/PrunaAI/pruna/graphs/contributors,,,,,,,,,,,,
PyRAPL,,https://github.com/powerapi-ng/pyRAPL,logos/252b8b672cc6aef73fd0e4b12f54fbddcdf6230eaab9db4e0d666d24f556d78a.png,,,,,,,MIT License,,A Python toolkit for measuring the energy consumption of Python code using Intel's Running Average Power Limit (RAPL).,,,,,,,,,,,,Code,Code Level Energy Measurement,true,https://github.com/powerapi-ng/pyRAPL,108,a library to measure the python energy consumption of python code,2025-03-07,https://github.com/powerapi-ng/pyRAPL/commit/ff0f2edab08fe36f9887dc7ab9c6d0b3b66d4f11,2019-12-19,https://github.com/powerapi-ng/pyRAPL/releases/tag/v0.2.3.1,2019-09-17,https://github.com/powerapi-ng/pyRAPL/commit/589012befb7a6b1cc7864ba78bf169f0e8901e21,10,https://github.com/powerapi-ng/pyRAPL/graphs/contributors,,,,,,,,,,,,
Resilio Tech,,https://resilio-solutions.com/en/services/tech,logos/a51710c4289deef043ed316b63942b4bbdc79d7a2bacc40a92ee59557ea2c7e6.svg,,,,,,,,,"Resilio Tech is a solution for assessing the environmental footprint of your digital products and services, whether it is an information system, website, or satellite.",,,,,,,,,,,,Data Aggregation,Organizational Level,,,,,,,,,,,,,,,,,,,,,,,,
ResilioDB,,https://resilio-solutions.com/en/services/database,logos/a301bc6cd2472b9f98c568b6c4e307dabffdcaaf3568881c60a49bcdfb761530.svg,,,,,,,,,"ResilioDB breaks down the electronic components of a device like RAM or CPU, in order to assess the environmental impacts of any possible configuration.",,,,,,,,,,,,Databases,IT Emission Inventory,,,,,,,,,,,,,,,,,,,,,,,,
Safari Web Inspector,,https://developer.apple.com/safari/tools/,logos/68e5762cd48475e9d137127172499f527a896dcc7da137b93bb9adffbf96dabb.svg,,,,,,,,,"A tool for inspecting and profiling websites in Safari, including energy impact.",,,,,,,,,,,,Website,Website Analysis,,,,,,,,,,,,,,,,,,,,,,,,
Scaleway Environment Footprint Calculator,,https://www.scaleway.com/en/docs/environmental-footprint/,logos/815479590b2ffeaa2076c7304628d9d03b33b3b74c199f45f0c4dd55be7544b5.svg,,,,,,,,,Scaleway's Environmental footprint calculator allows you to measure your environmental impact to your use of Scaleway cloud and bare metal services.,,,,,,,,,,,,Infrastructure & Cluster Level,Infrastructure Provider Level,,,,,,,,,,,,,,,,,,,,,,,,
Scaphandre,,https://github.com/hubblo-org/scaphandre,logos/ce26d061cc2177643cef632c51589d22ce203c0b86ab68ed8a63041d8b826191.svg,,,,,approved+tested,,Apache License 2.0,,A monitoring agent dedicated to energy consumption metrics of bare metal hosts and qemu/kvm virtual machines.,,,,,,,,,,,,Infrastructure & Cluster Level,Agent,true,https://github.com/hubblo-org/scaphandre,1773,"⚡ Energy consumption metrology agent. Let ""scaph"" dive and bring back the metrics that will help you make your systems and applications more sustainable !",2024-02-12,https://github.com/hubblo-org/scaphandre/commit/e09dfcc7abd28291e783643e366393325fad3f6d,2025-02-11,https://github.com/hubblo-org/scaphandre/releases/tag/v1.0.2,2020-10-16,https://github.com/hubblo-org/scaphandre/commit/4c43b6d9c625fb7ed3159b2779b91e571d4d3432,25,https://github.com/hubblo-org/scaphandre/graphs/contributors,,,,,,,,,,,,
Sopht,,https://sopht.com/en/product/,logos/fd45284d645a3fe886d89a1c13521b8cf0a36d77428194b1f3ca0087a29070bc.png,,,,,,,,,"Sopht is a platform for collecting, managing and optimizing the environmental footprint of your cloud & on-prem infrastructure, digital workplaces, IT assets, websites, applications and more.",,,,,,,,,,,,Data Aggregation,Organizational Level,,,,,,,,,,,,,,,,,,,,,,,,
Tailpipe,,https://tailpipe.ai/,logos/8ade6dc34b9cb099f9078be8ca79b7f6dff4a73cfced205c6313c9df11978d68.svg,,,,,,,,,"Tailpipe is a proprietary service that estimates your organization's carbon emissions from cloud computing. It uses billing and usage data from your cloud service provider (CSP), combines it with other data from the CSP and other third parties (like Boavizta). It also provides recommendations for cost-effective carbon reduction methods.",,,,,,,,,,,,Infrastructure & Cluster Level,Infrastructure Provider Level,,,,,,,,,,,,,,,,,,,,,,,,
Technology Carbon Estimator,,https://www.techcarbonstandard.org/estimator,logos/2df07674ed6ad53082d6b7beb5334641dcc7c1011b1cb1a82e93a772193e2ad8.svg,,,,,,,,,"The Technology Carbon Estimator is designed to give a high-level overview of the possible areas of carbon impact within your IT estate. The estimations are framed within the ""Technology Carbon Standard"", a model proposed by Scott Logic, designed to help you map out, measure and improve the environmental impacts of your technology.",,,,,,,,,,,,Data Aggregation,Estimation,,https://github.com/ScottLogic/sl-tech-carbon-estimator,3,Mapping an organisations technology emissions using the Tech Carbon Standard,2024-09-19,https://github.com/ScottLogic/sl-tech-carbon-estimator/commit/2d8b2d91cadf08fc74e06751bfa37ea2460b9960,,,2024-02-05,https://github.com/ScottLogic/sl-tech-carbon-estimator/commit/77c7022584e18cac0c0214b0676039fec5a9140f,6,https://github.com/ScottLogic/sl-tech-carbon-estimator/graphs/contributors,,,,,,,,,,,,
Tracarbon,,https://github.com/fvaleye/tracarbon,logos/8cc3e725fd3f7a6acfb58407b60df34e433565337631e4130444eda8820d5d40.png,,,,,,,Apache License 2.0,,Tracarbon is a Python library that tracks your device's energy consumption and calculates your carbon emissions.,,,,,,,,,,,,Code,Code Level Energy Measurement,true,https://github.com/fvaleye/tracarbon,103,🌍 Tracarbon tracks your device's energy consumption and calculates your carbon emissions using your location.,2025-06-05,https://github.com/fvaleye/tracarbon/commit/7e28a052f6ca89950131779601d918fa5a7f1242,2025-06-03,https://github.com/fvaleye/tracarbon/releases/tag/v0.7.5,2022-03-11,https://github.com/fvaleye/tracarbon/commit/f28e69f10b806f6422f6b0b964fcadf246a9429b,5,https://github.com/fvaleye/tracarbon/graphs/contributors,,,,,,,,,,,,
Turbostat,,https://www.linux.org/docs/man8/turbostat.html,logos/f61fe3801e762d5510dbd15acbdcf28b02485acbfe7123567743143f191a1b59.svg,,,,,,,,,"A tool for reporting processor topology, frequency, idle power-state statistics, temperature and power on X86 processors.",,,,,,,,,,,,Measurement Toolbox,Shell Tools,,,,,,,,,,,,,,,,,,,,,,,,
txture,,https://txture.io/,logos/28b122b52e9d6bc5a795cec684ea76c088b47b34c6d33010e879971260bf8901.png,,,,,,,,,A platform for analyzing and optimizing cloud infrastructure for cost and sustainability.,,,,,,,,,,,,Optimization,Cloud Infrastructure,,,,,,,,,,,,,,,,,,,,,,,,
Verdikt,,https://verdikt.io/platform/,logos/b844e4038b81e01e28269b9180cd0a9baa136c57f4640a815eb8d4e5356ad5be.svg,,,,,,,,,Verdikt is a platform for assessing your sustainable IT maturity and track its performance.,,,,,,,,,,,,Data Aggregation,Organizational Level,,,,,,,,,,,,,,,,,,,,,,,,
Watt Wiser,,https://github.com/wattwisegames/watt-wiser,logos/42ea77e938d77b3e7a1c6fe36790ab0d8ca2e19e1c7bcf0707d84e05ac5cc44e.svg,,,,,,,The Unlicense,,"A desktop software energy consumption estimation tool built as part of the [Watt-Wise Game Jam](https://wattwise.games/). Usable for simple energy estimation and benchmarking on Linux, macOS, and Windows.",,,,,,,,,,,,Component,Desktop Application,true,https://github.com/wattwisegames/watt-wiser,96,Tools to measure and visualize energy use on desktop computers,2024-10-25,https://github.com/wattwisegames/watt-wiser/commit/7702bce9497961b3a2fcda2ad6f378d8e399a0ff,2024-05-14,https://github.com/wattwisegames/watt-wiser/releases/tag/v0.1.3,2023-11-28,https://github.com/wattwisegames/watt-wiser/commit/b1dd973556da2ff60c7157d88e5df2ce0139df34,3,https://github.com/wattwisegames/watt-wiser/graphs/contributors,,,,,,,,,,,,
WattTime,,https://www.watttime.org/,logos/c2204b3bd6ca76b5fd5481ad2e8fd73ba71f5fd101ec771ae0e0f8fc7e432671.png,,,,,,,,,An API that provides real-time and forecast marginal carbon intensity data for electricity grids around the world.,,,,,,,,,,,,Databases,Grid Carbon Intensity API Service,,,,,,,,,,,,,,,,,,,,,,,,
Website Carbon Calculator,,https://www.websitecarbon.com/,logos/790dcfde8e5ba8a94bc2b1596403ffe6ead0134187a4bcffb24d35da5cd37e0e.jpg,,,,,,,,,Website Carbon Calculator estimates the carbon emissions of a website by analyzing factors like data transfer size and energy source of the hosting provider. A badge is provided that can be added to the footer of websites.,,,,,,,,,,,,Website,Website Carbon Estimation,,,,,,,,,,,,,,,,,,,,,,,,
Website Carbon Meter,,https://github.com/bluehands/Website-Carbon-Meter,logos/55803a5f40377b3d252594716905449a390f5ddef2b7eeb335fe33909c57431e.svg,,,,,,,MIT License,,"Tracks the carbon emissions of a website as live metrics. Based on CO2.js and and the actual grid carbon intensity, provided by the Carbon-Aware-Computing project.",,,,,,,,,,,,Website,Website Carbon Estimation,true,https://github.com/bluehands/Website-Carbon-Meter,9,Tracks the carbon emissions of a website as live metrics. Based on CO2.js and and the actual grid carbon intensity,2025-04-04,https://github.com/bluehands/Website-Carbon-Meter/commit/4dd55dfec15406d6b4dacd61f48dcc4be57468e8,,,2024-05-27,https://github.com/bluehands/Website-Carbon-Meter/commit/f01c2cf0b1b9d9c7870b1fee4baad197979f517b,2,https://github.com/bluehands/Website-Carbon-Meter/graphs/contributors,,,,,,,,,,,,
ZEUS,,https://ml.energy/zeus/,logos/70329788183dcb0ebc1d77fdefbd3cb1a5f650fe0ad9c74ef8d6468960d229f9.svg,,,,,,,Apache License 2.0,,Zeus is a library for measuring the energy consumption of Deep Learning workloads and optimizing their energy consumption.,,,,,,,,,,,,Artificial Intelligence,AI Model Training,true,https://github.com/ml-energy/zeus,263,Measure and optimize the energy consumption of your AI applications!,2025-05-28,https://github.com/ml-energy/zeus/commit/08c5ec37577a3be7bd776b6954e14b584bd8e6ee,2025-05-17,https://github.com/ml-energy/zeus/releases/tag/zeus-v0.12.0,2022-08-13,https://github.com/ml-energy/zeus/commit/9703b31f50b3024348239fa544b8398ac7e4dfad,17,https://github.com/ml-energy/zeus/graphs/contributors,,,,,,,,,,,,
